Parcel APN;NR_GH-Plants;NR_OD-Plants;Dist_to_grow_m;Km Priv. Road;Km Local Road;Mean elevation;PublicLand_YN;Prop_in_THP
21011717;0;0;0;1.783560799;0;1498.777778;0;0
21011716;0;0;0;1.298434411;0;1495.48;0;0
21011727;113;31;50;0.404122715;0;1490.785714;0;0
21011722;110;128;180;0;0;1488.166667;0;0
21011712;0;0;0;0.663055306;0;1470.6;1;0
21011711;0;0;0;1.872372777;0;1468.944444;1;0
21011714;0;79;740;0;0;1458.357143;1;0
21011715;0;0;0;0;0;1457.965517;0;0
21011718;0;0;0;2.085284528;0;1453.847059;0;0
21011713;0;0;0;0;0;1451.15625;1;0
21011728;0;0;0;1.169332921;0;1450.514286;1;0
21011726;206;95;30;0;0;1445.9;0;0
21014206;0;0;0;2.954629755;0;1440.294118;0;0
21011706;0;0;0;0;0;1434.933333;1;0
21014205;394;35;70;0;0;1418.855556;0;0
21016411;0;0;0;1.366434611;0;1396.137931;1;0
21011705;0;0;0;0.875170884;0;1395.433333;0;0
21011725;0;0;0;0;0;1393.962963;0;0
21016408;14;0;10;1.791431286;0;1392.64;0;0
21016410;0;0;0;0;0;1386.633333;1;0
21011721;0;0;0;0;0.169197938;1383.064516;1;0
21014106;0;0;0;0;0;1381.166667;0;0
21016303;164;0;10;1.487514703;0;1379.76;0;0
21011731;0;0;0;0;1.004627251;1368.735294;1;0
21016409;626;0;40;0;0;1363.92;0;0
21016403;79;0;460;1.742602088;0;1360.284946;1;0
21011732;0;0;0;0.67237885;1.673756232;1360.264706;1;0
21011707;0;0;0;0;0;1358.2;1;0
21011724;0;34;120;0;0;1354.851852;0;0
21014208;0;0;0;3.183941996;0;1352.655556;0;0
21014207;0;0;0;0;0;1351.556962;0;0
21016506;0;0;0;0;0;1348.793103;0;0
21016404;0;0;0;1.370786626;0;1346.142857;0;0
21014102;0;0;0;0;0;1331.48;0;0
21011701;0;0;0;0;12.27585087;1330.447084;1;0
21016318;346;0;20;0;0;1323.2;0;0
21016304;0;0;0;0;0;1322.9;0;0
21016316;0;125;260;1.494978252;0;1319.96;0;0
21011729;0;0;0;0;0;1318.59375;1;0
21011710;0;0;0;0;6.525483122;1318.559028;1;0
21014113;0;19;40;0;0;1314.25;0;0
21011723;0;0;0;0;0.215750641;1308.689655;0;0
21016502;0;0;0;0;0;1306.209945;1;0
21016505;259;0;180;0;0;1306.146667;1;0
21014107;219;0;270;0;0;1302.866667;0;0
20824131;0;0;0;0;0;1297.294118;1;0
20824129;0;0;0;0;1.519939004;1284.642857;0;0
21016317;0;0;0;0;0;1282.75;0;0
21016405;0;0;0;0;0;1282.4;0;0
21024117;0;0;0;0;1.159254141;1279.88;0;0
21014412;336;114;130;0.972387876;0;1277.24;0;0
21024119;0;0;0;0;0.708276141;1274.933333;0;0
21014112;0;86;20;0;0;1274.24;0;0
21014308;0;0;0;0.025379324;0;1272.62;0;0
21014306;0;0;0;2.014975089;0;1272.3;0;0
21014114;0;0;0;0;0;1272.096774;0;0
21011703;0;0;0;1.73218672;1.159397067;1269.830189;1;0.00932212
21016313;0;0;0;1.468684996;0;1266.68;0;0
21014404;0;66;10;0;0;1265.4;0;0
21014108;483;0;40;0;0;1265.066667;0;0
21024116;0;0;0;0;0;1263.896552;0;0
21016315;0;0;0;0;0;1263.08;0;0
21016314;0;0;0;0.099796802;0;1262.8;0;0
21016210;126;208;100;0;0;1257.56;0;0
21024112;0;0;0;0;0;1254.314286;0;0
21014109;0;0;0;0;0;1253.625;0;0
21014302;0;0;0;1.906068069;0;1249.48;0;0
21014405;0;0;0;0.426093589;0;1245.44;0;0
21024118;0;0;0;0;0.786729405;1244.8;1;0
20824125;0;64;280;0;1.835306534;1243.75;1;0
21014307;0;0;0;0.956235535;0;1243.48;0;0
21014418;0;0;0;0;0;1242.266667;0;0
21014202;0;0;0;0;0;1240.64486;0;0
21015101;0;0;0;0;7.402675725;1240.0625;0;0
21014119;0;0;0;0;0;1233.555556;0;0
20824130;0;0;0;0;1.02733375;1233.555556;0;0
21011730;0;0;0;0;0;1232.928571;0;0
21014406;0;0;0;0;0;1232.466667;0;0
21016504;0;22;150;0;0;1231.922222;1;0
21016312;0;0;0;0;0;1229.7;0;0
21024108;0;0;0;0;0.730779243;1228.033333;0;0
21014111;599;0;140;0;0;1225.615385;0;0
21014417;336;44;50;0;0;1225.466667;0;0
21014115;13;0;110;0;0;1225.333333;0;0
21013107;0;7;150;0;0;1224.794118;1;0
21024109;0;0;0;0;1.198667182;1223.44;1;0
21014416;0;0;0;0;0;1217.84;0;0
21011709;0;0;0;0;1.748076209;1216.333333;1;0
21024103;0;0;0;0;1.134478293;1216.2;0;0
21016311;0;0;0;0;0;1214.858974;0;0
21016301;0;0;0;1.572360248;0;1209.147368;0;0
20823109;0;0;0;0;4.607949195;1207.286119;1;0
21024104;0;0;0;0;1.625287747;1205.88;0;0
21024115;0;0;0;0;0;1203;0;0
21016202;148;0;30;0;0;1199.162791;0;0
21014415;0;239;50;0;0;1198.25;0;0
20824105;0;0;0;0;6.8600679;1195.786378;1;0
21010302;0;0;0;0;4.863689525;1194.129353;0;0
21014309;0;0;0;0;0;1193.88;0;0
21014118;0;0;0;0;0;1190.6;0;0
21024107;0;0;0;0;0;1187.64;0;0
21014411;117;0;10;0;0;1185.92;0;0
21023119;197;89;570;0;0;1184.48;0;0
21006403;0;0;0;0;0;1181.571429;0;0
21024102;0;0;0;0;1.201520892;1181.52;0;0
21024111;0;0;0;0;0;1178.258065;0;0
21014414;22;203;110;0;0;1177.44;0;0
21014407;0;48;70;0;0;1176.3;0;0
21023114;0;0;0;0;0;1173.733333;0;0
20823110;95;0;10;0;0;1173.483333;1;0
21014116;51;16;100;0;0;1172.935484;0;0
21014110;0;0;0;0;0.340562301;1172.32;0;0
21014304;0;0;0;0;0;1172.173684;0;0
21011720;0;0;0;0;3.423941035;1171.722222;1;0
21015501;0;0;0;14.57095949;5.751651897;1167.328691;0;0
21013108;0;73;50;0;0;1165.810811;1;0
21024101;0;0;0;0;1.218060666;1164.733333;0;0
21013121;226;38;90;0;0;1163.5;0;0
20824128;0;0;0;0;1.691338074;1162.368421;0;0
21023115;0;0;0;0;0;1157.967742;0;0
21023118;0;0;0;0;0;1155.192308;0;0
21016208;0;293;30;0;0;1153.603774;0;0
21016205;368;0;30;0;0;1153.44;0;0
21022112;0;0;0;0;0;1151.913043;0;0
21013110;0;0;0;0;0;1151.16;0;0
20822101;0;0;0;0;4.05995848;1149.977273;1;0
21014403;0;0;0;0;0;1146.916667;0;0
20815302;0;0;0;0;0;1144.184615;1;0
20820116;0;19;130;0;0;1137.34375;0;0
20824124;129;41;230;0;0.034114798;1135.346154;1;0
21023112;0;0;0;0;0;1134.25;0;0
21024105;0;0;0;0;0.962104728;1132.62963;0;0
21023113;0;0;0;0;0;1132.04;0;0
21006204;0;0;0;0;0;1131.8375;0;0.065926507
21013122;0;0;0;0;1.945542876;1131.4;0;0
21022120;0;0;0;0;0;1127.666667;0;0
21011719;0;150;430;0;0;1125.716981;1;0
21014410;913;0;20;0;1.601599533;1123.64;0;0
21014117;221;70;250;0;2.228894773;1122.866667;0;0
21008403;0;0;0;0;0.553860226;1122.630682;0;0
20827218;0;0;0;0.445659005;1.89856844;1121.513514;0;0
21006103;0;0;0;0;0;1121.354839;0;0
21014408;509;0;50;0;1.521238543;1120.4;0;0
21023102;0;0;0;0;1.437079309;1120.0625;0;0
21024114;0;0;0;0;0.307862034;1119.5;0;0
20822102;0;0;0;0;1.036703617;1119.033333;0;0
21024106;0;0;0;0;1.571977897;1114.266667;0;0
20823107;197;0;10;0;0;1113.4;1;0
21009501;0;0;0;0;6.708307612;1113.067146;1;0
20820115;0;0;0;0;0;1111.366667;0;0
21015601;0;0;0;0;3.211265357;1110.698454;0;0
21006301;0;0;0;0;0;1110.474026;0;0.003122651
21022113;0;0;0;0;1.447185249;1109.517241;0;0
20820101;0;0;0;0;4.544749645;1108.765957;0;0
21024110;0;0;0;0;1.011054686;1107.40625;0;0
21012601;0;0;0;1.347750559;6.343652386;1106.744;0;0
20827222;0;0;0;0.258659861;0;1106.08;0;0
21023101;0;0;0;0;2.290112973;1104.03125;0;0
21013101;0;14;80;0;2.189991227;1103.438596;0;0
20820130;0;0;0;0.699140513;0.938160084;1102.972222;0;0
21023116;0;0;0;0;0.532138642;1102.333333;0;0
21023117;0;0;0;0;1.200841436;1099.296296;0;0
21023111;0;0;0;0;0;1098.92;0;0
21016207;413;198;170;0;0;1098.52;0;0
21023109;0;0;0;0;0.206654709;1098.451613;0;0
21023110;0;0;0;0;1.452312054;1097;0;0
20827114;0;0;0;0;0;1096.76;0;0
20824106;0;0;0;0;0.208884978;1096.56;1;0
20827220;0;0;0;0;0.99791478;1096.214286;0;0
20827115;0;0;0;0;1.318230986;1096.076923;0;0
20827112;0;0;0;0.712368086;1.852767159;1096.055556;0;0
21013109;0;0;0;0;0.064183165;1096.038462;0;0
20827111;0;0;0;0;1.869618162;1092.733333;0;0
20827206;0;0;0;1.498385369;0.064772654;1092.611111;0;0
21022115;77;0;10;0;0;1090.535714;0;0
20822103;0;0;0;0;0;1086.942857;1;0
21011704;0;0;0;0;0;1086.493671;1;0.751296279
20823112;0;0;0;0;0;1084.333333;1;0
20815301;0;0;0;1.653475822;0;1082.908333;1;0
20824123;84;49;120;0;0;1082.7;1;0
20827110;0;0;0;0;0.541957344;1082.2;0;0
20828103;0;0;0;0;0;1081.892857;0;0
21012602;0;0;0;1.589934527;0;1081.386243;0;0
21023107;269;62;180;0;0;1081.111111;0;0.820209877
21013106;34;50;110;0;1.010544104;1080.36;0;0
20829118;0;0;0;0;0.027440239;1080.350365;0;0
20822120;0;0;0;0;1.779309368;1079.793103;0;0
20815402;0;0;0;0;0;1079.79021;0;0
20827113;0;0;0;0.054412507;0;1079.551724;0;0
21023108;0;70;30;0;0;1079.290323;0;0.154340943
21013116;366;26;90;0;0.115291199;1079.194444;0;0
20828102;0;0;0;0;0;1078.375;0;0
20827202;0;0;0;0;0;1078.222222;0;0
20827203;0;0;0;0;1.694300377;1078.064516;0;0
20823108;227;0;150;0;0;1077.28;1;0
21006303;0;0;0;0;0;1076.702222;1;0.009289102
20824113;0;0;0;0;2.781064885;1075.44;0;0
21022111;0;0;0;0;1.309870076;1075.4;0;0
21006207;0;0;0;0;0;1074.898089;0;0.737441568
21016206;661;0;10;0;0;1073.38;0;0
20827211;0;0;0;2.771898964;0;1072.942857;0;0
20827226;0;0;0;1.085940844;0;1072.744681;0;0
20820129;0;20;100;0.11659694;1.335855317;1072.617647;0;0
20815401;0;0;0;0;0;1072.61194;0;0
20827105;0;0;0;0;0.181041863;1070.388889;0;0
21016209;372;0;160;0;0;1067.78;0;0
21015201;0;0;0;6.770630107;0;1066.805627;0;0
21023103;237;27;10;0;1.485781937;1065.714286;0;0.414555332
21016605;0;0;0;0;0;1065.68;0;0
20802305;0;0;0;0;3.049195345;1063.961538;0;0
20827117;0;0;0;0;0.806859632;1063.666667;0;0
20802304;0;0;0;0;1.075344862;1063.470588;0;1.85E-09
21006206;282;111;130;0;0;1063.198198;1;0.005230238
21010201;0;0;0;0;0;1062.766667;0;0
21010203;0;0;0;0;1.093005737;1059.078125;0;0
20823111;251;36;50;0;0;1058.933333;0;0
20827225;0;0;0;0.020155262;0;1057.52;0;0
20827201;0;0;0;0;0;1056.133333;0;0
21016601;0;0;0;0;0;1052.847518;0;0
21013113;0;0;0;0;1.669511205;1052.555556;0;0
21013120;412;0;390;0;0.273004397;1051;0;0
20829101;0;0;0;0;0.728344162;1050.733333;0;0
20816203;0;0;0;0;0;1049.883333;1;0
21013119;0;0;0;0;1.056213255;1049.105263;0;0
20822105;0;0;0;0;0;1045.558824;0;0
20819112;0;0;0;0;0.143568361;1045.388889;0;0
20829119;0;0;0;0.309779228;0;1045.188811;0;0.194739309
20827106;0;0;0;0;2.255858318;1044.566667;0;0
20822104;0;0;0;0;0;1043.625;0;0
20820114;0;53;110;0;0;1042.36;0;0
20820117;0;119;10;0;0.437421342;1042.035714;0;0
21010401;0;0;0;0;2.73743842;1041.186398;0;0
21022110;0;0;0;0;0;1041;0;0
21009401;0;0;0;0;18.15628413;1040.317618;1;0
20827119;0;0;0;0;2.684333339;1040.147059;0;0
21014402;0;0;0;0;0;1039.972222;0;0
20827214;0;0;0;0.874879121;0;1038.6;0;0
21015401;0;0;0;0.984035775;0;1036.659794;0;0
21014409;0;0;0;0;0.623276741;1034.972222;0;0
20822121;0;0;0;0;0;1034.133333;0;0
20829103;0;0;0;0;0;1033.509804;0;0
20802307;0;0;0;0;0;1033.3125;0;0
20825116;0;0;0;0;3.140540548;1033.133333;0;0
20815201;0;0;0;8.269272112;0;1032.192935;1;0
20820102;0;0;0;0;0;1031.9;0;0
20828132;0;0;0;0;0;1031.758621;0;0
20816303;0;0;0;0;0;1031.273381;1;0
20821115;0;0;0;0;0;1030;0;0
20827107;0;0;0;0;1.334636383;1027.833333;0;0
20820128;0;0;0;0;0.199295795;1026.666667;0;0
20824116;445;0;20;0;0.589271393;1024.44;1;0
21016204;0;0;0;0;0;1022.114286;0;0
21022123;0;0;0;0.243183421;1.457133472;1019.766667;0;0
20827204;0;0;0;1.589679515;0;1017.742857;0;0
21004412;0;0;0;0;0;1017.444444;0;0.000154769
20825115;0;0;0;0;2.213605174;1017.384615;0;0
20829104;0;0;0;0;0;1017.183333;0;0.167924218
21006102;0;0;0;0;0;1016.408;0;0
20825109;0;36;150;0;0;1014.7;0;0
21023104;435;0;100;0;0.871495305;1014.333333;0;0.843731444
21022109;0;0;0;0;0;1013.827586;0;0
20827104;0;123;160;0;1.854151868;1012.333333;0;0
20828133;0;0;0;0;0;1011.458333;0;0
20828107;0;0;0;0.864409023;0;1009.16;0;0
20823105;0;0;0;0;0;1008.2;0;0
21016111;0;0;0;0;0;1004.60241;0;0
21006105;0;0;0;0;0;1003.928571;1;0
20824112;94;0;90;0;3.157970154;1003.16;0;0
21006205;0;0;0;0;0;1002.84;1;0
21013115;654;0;90;0;1.113814731;1002.290323;0;0
20822106;0;58;200;0;0;995.2142857;0;0
20816102;0;0;0;0;0;993.9;1;0
20820127;0;37;230;0;1.060506279;991.6333333;0;0
20827108;418;101;210;0;0;990.8823529;0;0
21013103;0;0;0;0;0;990.75;0;0
21016105;0;0;0;0;0;989.05;0;0
20825114;0;0;0;0;1.472465546;987.75;0;0
21013117;0;0;0;0;0.550155203;987.6111111;0;0
20822127;0;0;0;0;1.442917055;987.2321429;0;0
20828106;0;0;0;0;0;987;0;0
21006106;0;24;820;0;0;986.9302326;1;0
20826106;0;0;0;0;0.346148239;986.9090909;0;0
21013118;0;0;0;0;2.221214696;986.6666667;0;0
21009304;0;0;0;0;0.213245695;985.28;1;1
21704302;0;0;0;0;0;985.2631579;0;0
21004410;500;90;180;0;0;984.72;0;0
20827217;0;0;0;2.357414727;0;984.2978723;0;0
21022116;0;10;80;0;1.683629459;983.28125;0;0
20825118;0;0;0;0;0;982.7307692;0;0
21016603;0;0;0;0;0;982.6666667;0;0
20824107;354;0;140;0;0.422741321;982.2962963;0;0
20824122;0;0;0;0;0;981.5333333;0;0
20816103;0;0;0;0;0;981.0533333;1;0
20825110;0;0;0;0;0;978.8518519;0;0
21019212;64;0;50;0;0;977.7910448;0;0
20823113;0;0;0;0;0;976.9333333;0;0
20825113;0;0;0;0;1.998295215;976.6;0;0
20833110;0;0;0;0;1.289795249;975.0714286;1;0
20827103;0;0;0;0;0.842944108;975.04;0;0
20828105;0;0;0;0;0;974.4;0;0
20802202;0;0;0;0;0;973.1808511;0;4.03E-05
21013205;0;0;0;0;0;971.2391304;0;0
20820103;0;0;0;0;0;969.92;0;0
21022108;0;0;0;0;0;969.4;0;0
20823114;123;73;10;0;0;969.3548387;0;0
21022121;0;0;0;0.336249013;0;968.4137931;0;0
21006108;0;0;0;0;0;967.6511628;0;0
20824117;501;0;150;0;0.167749327;964.28;0;0
20823106;0;20;110;0;0;963.92;0;0
20825111;0;36;410;0;0;963.3571429;0;0
20829116;0;0;0;0;0;962.7761905;0;0.534554938
20802206;0;0;0;0;0;961.3166667;0;1.52E-05
20830101;0;0;0;2.37825597;0;961.2;0;0.032158295
21006201;0;0;0;0;0;959.3076923;1;0
20822128;0;0;0;0;3.567865459;957.3548387;0;0
21006304;0;0;0;0;0;956.6;0;0
20816302;0;0;0;0;0;956.4444444;1;0
20828108;0;0;0;0.640805984;0;955.7666667;0;0.018359528
20815202;0;0;0;0;0;955.48;0;0
21006302;0;0;0;0;0;954.2432432;0;0.37384003
20828131;0;0;0;0;0;954.2222222;0;0
21016112;0;0;0;0;0;954.1447368;0;0
20826105;0;0;0;0;2.183569864;953.862069;0;0
20825108;0;70;20;0;0;953.8333333;0;0
21004413;0;0;0;0;2.060987048;953.5357143;1;0
20826102;0;0;0;0;1.608329592;952.4666667;0;0
21006203;0;0;0;0;0.386073437;951.6;0;0
20827102;0;0;0;0;1.416736169;951.2962963;0;0
21704301;0;0;0;0.462815554;0;950.0396825;0;0
20821113;0;0;0;0;0;949.3;0;0
20828134;0;0;0;0;0;948;0;0
20816201;0;0;0;0;0;947.2193548;1;0
20834103;0;0;0;0;0;946.8928571;0;0
20819113;0;0;0;0;0;946.5;0;0
21015301;0;0;0;0;0;944.5632653;0;0
21023120;142;55;20;0;0;944.4615385;0;0.07911181
20822108;259;0;160;0;0;944.2666667;0;0
21022107;0;0;0;0;0;944.2;0;0
20828110;0;0;0;0;0;939.0384615;0;0
20825112;0;0;0;0;0.280048444;937.8666667;0;0
20826103;0;0;0;0;1.612690929;937.8484848;0;0
20816101;0;0;0;0;0;937.3869048;1;0
21005103;0;196;240;1.474321399;0;937.1;0;0
20816304;0;0;0;0;0;937.0277778;1;0
20826104;0;0;0;0;1.476196244;935.56;0;0
21006402;0;0;0;9.18911093;0;935.3171429;0;0
20834106;0;0;0;0;0;934.8333333;1;0
20820126;173;72;110;0;1.16523334;934.6944444;0;0
21023105;546;0;10;0.222674611;0;934.4666667;0;0.725664552
20834105;0;0;0;0;0;930.75;1;0
20820113;0;0;0;0;1.377423153;929.8;0;0
20804203;0;0;0;0;0.151704412;929.6;1;0
21006110;0;0;0;0;0;929.4;1;0
20804205;0;0;0;0;5.012628948;929.0072993;1;0
20816301;0;0;0;0;0;926.8363636;1;0
20834107;0;0;0;0;0;924.6666667;1;0
21012502;0;0;0;0;0;923.6997389;0;0
20820104;0;0;0;0;1.522613117;923.08;0;0
20821108;0;0;0;0;0;920.5769231;1;0
21005201;364;0;60;4.757779681;0;919.9278351;0;0
21013204;0;0;0;0;4.383034293;919.8461538;0;0
20826107;0;0;0;0;0;919.4827586;0;0
20829115;0;0;0;0;0;919.4333333;0;0.207210561
21004407;0;0;0;0;0;919.0638298;1;0
21008309;0;0;0;0;7.788189421;918.8832117;1;0
21019105;214;32;50;0;1.537889633;917.24;0;0
20828111;0;0;0;0;0;916.3636364;0;0
21010501;0;0;0;0;0;916.2041667;0;0
20828129;0;0;0;1.827888213;0;915.3333333;0;0
21005161;0;0;0;1.279834342;0;915.1875;0;0
21012402;0;0;0;0;0;915.1532258;0;0
20825107;0;0;0;0;0;914.8928571;0;0
21002119;0;0;0;0;0;914;0;0
21007113;0;0;0;0;1.355206667;913.84375;0;0.142204862
20828109;0;0;0;2.336348262;0;913.46875;0;0.026775608
20820118;0;72;180;0;2.536298597;912;0;0
21007402;0;0;0;0;0;911.5465116;1;0.000381692
21019106;501;0;10;0;0.84886808;909.96;0;0
20820125;58;31;30;0;0;908.5666667;0;0
20815502;0;0;0;0;0;907.4509804;0;0
20826128;0;0;0;0;2.43732926;907.04;0;0
21003213;0;0;0;0;0;906.4117647;0;0
20828113;0;0;0;0;0;906.15625;0;0
20805401;0;0;0;0;4.512860683;905.4507389;1;0
20834109;0;0;0;0;0;905.3636364;0;0
21002118;0;0;0;7.436421897;0;905.2349727;0;0
21012501;0;0;0;0;0;904.8108108;0;0
20827101;0;129;70;0;0;904.6060606;0;0
20834108;0;0;0;0;0;903.4;0;0
21005164;0;0;0;0;0;903.2580645;0;0
21005159;112;77;40;2.026303392;0;901.8;0;0
21015402;0;0;0;0;0;901.2806452;0;0
21022104;0;0;0;0;1.321008342;898.24;0;0
21003303;0;0;0;0.426594631;0;896.4791667;0;0
21016106;0;0;0;0;0;895.9069767;0;0
20832103;0;0;0;0;0;895;0;0
21022117;316;8;20;0.4988663;0;895;0;0.111863294
21005160;0;20;130;0.534949176;0;895;0;0
20821101;0;0;0;0;6.787026148;893.990991;1;0
21019107;0;0;0;0;0.969267087;891.72;0;0
20828112;0;0;0;0;0;891.6538462;0;0
20834104;0;0;0;0;0;891.5384615;0;0
21016604;0;0;0;0;0;891.1929825;0;0
20825102;420;201;100;0;0;890.9333333;0;0
21005409;0;0;0;0;0.349747266;890.76;1;0.102590705
21002111;0;0;0;2.372709813;0;890.7222222;0;0
21007114;0;0;0;0;0.244336342;890.2068966;0;0.273500758
20820124;0;0;0;0;2.442398665;889.9666667;0;0
21016103;0;0;0;0;0;889.8952381;0;0
21012201;0;0;0;0;0;889.7272727;0;0
21004402;761;225;130;0;0;889.2121212;0;0
21025008;0;0;0;0.155163362;0;888.7619048;0;0
20705406;0;0;0;0;0;887.7;0;0
20805501;0;0;0;0;7.992966517;886.630303;1;0
20833109;0;0;0;0;3.477008019;886.2;0;0
21005162;0;0;0;0;0;885.4571429;0;0
21012301;0;0;0;0;0;885.1789216;0;0
20834116;0;0;0;0;0;884.8571429;1;0
20822107;0;0;0;0;0;884.8;0;0
21004409;0;104;160;0.299278437;1.319560514;884;1;0
21019108;147;0;20;0;0;883.7307692;0;0
21704401;0;0;0;0;0;882.9069767;0;0
20834118;0;0;0;0;0;882.8181818;1;0
20832108;0;0;0;0;0;882.3207547;0;0
20823117;0;80;110;0;0;880.8965517;0;0
20812112;0;0;0;0;0;880.4666667;0;0
21005177;0;0;0;0.739676619;0;880.4;0;0
20833105;0;0;0;0;1.378581041;879.6;0;0
21007112;0;0;0;0;0.462162154;879.5;0;0.252437922
21022103;0;0;0;1.314117832;0;879.2333333;0;0
21007401;0;0;0;0;0.582173225;879.076087;0;0.003926357
20825106;0;0;0;0;0;878;0;0
20834117;0;0;0;0;0;877.6363636;1;0
21012102;0;0;0;0;0;877.4571429;0;0
20834132;0;0;0;0;0;877.1666667;0;0
21016602;0;0;0;0;0;876.2727273;0;0
21004403;0;46;50;0;0;874.0714286;0;0.022651104
20816104;0;0;0;0;0;873.4561404;1;0
20821114;0;0;0;0;0;873.2222222;0;0
20834102;0;0;0;0;0.513612057;870.4705882;1;0
21005401;0;0;0;0;1.520371283;870.4482759;1;0
20816202;0;0;0;0;0;869.6829268;1;0
20832105;0;0;0;0;0;868.9259259;0;0
21013201;0;0;0;0;1.689421333;868.71;0;0
20828119;0;0;0;0;0;867.8787879;0;0
21005176;134;0;160;0.41862623;0;865.5263158;0;0
20820105;0;0;0;0;0;865.4;0;0
20820119;0;72;140;0;0;865.3939394;0;0
21007111;0;0;0;0;0.421669077;865.3125;0;0.181086424
21012101;0;0;0;0;0;863.3358396;0;0
21012202;0;0;0;0;0;862.8636364;0;0
21005202;0;0;0;0;0;862.4761905;0;0
21022102;0;0;0;1.163318757;0;861.7;0;0
20826108;0;0;0;0;0.514916969;861.5833333;0;0
21003304;0;0;0;1.755473451;0;861.5;0;0
21005165;0;0;0;0;0;860.225;0;0
21010112;0;0;0;0.828261934;0;859.8947368;0;0
21005141;283;0;110;2.493366918;0;859.15;0;0
21019207;0;0;0;0;0;858.4;0;0.002088577
21019109;175;0;120;0;0;858.0769231;0;0
21008310;0;0;0;0;1.083887372;858.0403226;0;0
21009104;0;0;0;0;8.864542915;857.9920844;1;0
20822126;0;0;0;0;3.618225972;857.7938931;0;0
20826114;0;0;0;0;0;857.6176471;0;0
21007109;0;0;0;0;0.768398813;857.2083333;0;0.105356647
21016109;0;0;0;0;0.219906741;856.8;0;0
21004408;0;0;0;0.824503932;0.172284588;856.4615385;0;0
20824110;0;0;0;0;2.622877732;856.1333333;1;0
20834115;0;0;0;0;0;856;0;0
20826121;0;0;0;0;1.105517134;854.72;0;0
21003214;0;0;0;0;0;854.625;0;0
20722601;0;0;0;10.38373055;0;854.6243655;0;0
21002104;0;0;0;1.494386538;0;854.1333333;0;0
21007405;0;0;0;1.120553946;0;853.8666667;0;0
21003305;0;0;0;0;1.819014598;853.8113208;0;0
21003208;0;0;0;0.174699231;0.456605643;853;0;0
21007407;0;0;0;0;0;852.8571429;1;0
21002120;0;0;0;0;0;852.0689655;0;0
21012203;0;0;0;0;0;851.7539063;0;0
20834111;0;0;0;0;0;851.6;0;0
20816105;0;0;0;0;0;851.5;0;0
21003209;0;0;0;0;0;851.1428571;0;0
20820120;0;74;60;0;0;850.8928571;0;0
20833106;0;0;0;0;1.295577454;850;0;0
20820112;49;0;130;0;0;849.7666667;0;0
20824121;0;0;0;0;0.860456237;849.6410256;1;0
21005178;0;0;0;0;0;849.5;0;0
21013203;0;0;0;0;0.997036255;849.28;0;0
20823116;0;0;0;0;0.857881851;848.8571429;0;0
20822109;0;0;0;0;0;848.8;0;0
20824108;0;0;0;0;0.794670334;848.4666667;0;0
20825103;0;0;0;0;3.338563428;848.3831776;0;0
20706503;0;0;0;0;0;848.1666667;0;0
21007104;0;0;0;0;0.661788413;847.9166667;0;0.157110083
21015303;0;0;0;0;0;847.8518519;0;0
21003216;0;180;860;0.307702524;1.629748261;847.8333333;0;0
20828127;0;0;0;0.486758372;0;847.5;0;0
20826123;0;0;0;0;0.847895871;846.5;0;0
21005142;540;0;30;0.672160607;0;846.0952381;0;0
21004401;0;78;50;0;0;846.0333333;0;0
20705405;0;0;0;0;0;845.9142857;0;0
21003204;0;0;0;0;0;845.75;0;0
20826129;0;0;0;0;0.888709721;845.648855;1;0
21004404;110;0;160;0;0;845.4666667;0;0
20824111;0;0;0;0;1.958772509;845.1;1;0
20834114;0;0;0;0;0;844.6153846;0;0
21007406;0;0;0;0.052543501;0;844.1392405;1;0
20824109;0;180;190;0;2.359311901;843.6;1;0
21002121;0;0;0;0.385142489;0;843.6;0;0
20705204;0;0;0;0;0;842.8709677;0;0
20824120;0;0;0;0;0.695814234;842.2666667;1;0
21007101;0;0;0;3.515050023;0;841.3287671;0;0.211112177
21025029;314;51;20;0;2.176440433;841.1142857;0;0
21016108;0;22;20;0;0;840.9333333;0;0
21005180;0;69;30;1.131494868;0.515536877;840.65;0;0
21012204;0;0;0;0;0;840.1724138;0;0
20828118;0;0;0;0;0;839.4583333;0;0
20823101;271;0;220;0;0.593285789;839.0333333;1;0
21007408;0;0;0;0;0;838.76;1;0
21003203;0;0;0;2.094080611;1.335465728;838.3965517;0;0
21005163;0;0;0;0;0;838.2368421;0;0
20833103;0;0;0;0;0.893925247;836.862069;1;0
21005143;478;0;10;0.61847874;0;836.7727273;0;0
20825105;0;0;0;0;1.462848986;836.0666667;0;0
21007106;0;0;0;0;0.607652777;835.5;0;0.241728096
21004306;0;0;0;0;0;835.3957447;1;0
21016107;0;53;100;0;0;835.3421053;0;0
20823102;0;0;0;0;0.573630661;834.2;0;0
21019111;0;0;0;0;0.819480825;833.6428571;0;0
21001114;0;99;860;0;0;833.5;0;0
20832102;0;0;0;0;0;832.7446809;0;0
21012401;0;0;0;0;0;832.7137809;0;0
21005139;0;0;0;0;0;831.8918919;0;0
21003211;0;0;0;1.084959327;0;831.85;0;3.14E-05
20834120;0;0;0;0;0;831.4285714;1;0
20821105;0;39;250;0;0;830.6;1;0
21005408;0;0;0;1.448119054;0.023888432;830.1654135;1;0.456215832
21019110;0;0;0;0;0.385015916;829.4642857;0;0
21007301;0;0;0;2.537631153;7.845052554;828.8103896;0;0.031596215
20819110;0;0;0;0;4.730573967;828.1111111;0;0
20829107;0;0;0;0;0;827.7531381;0;0.046743334
20834134;0;0;0;0;0;827.4;0;0
21005145;0;0;0;0.511688757;0;827.1363636;0;0.018161082
20825104;0;109;10;0;3.559819672;826.7419355;0;0
21003215;0;0;0;6.145638874;3.246221327;826.4662162;0;0
20834119;0;0;0;0;0;826.2272727;1;0
21015304;1161;0;530;0;0;826.0652174;0;0
20828115;0;0;0;0;0;825.7333333;0;0
21007107;0;0;0;0;0.646559024;825.3076923;0;0.215410196
21013202;0;0;0;0;1.232813433;825.2;0;0
20823103;0;234;50;0;0.65978192;825.2;0;0
20820123;0;0;0;0;0;825.0606061;0;0
20824118;309;0;120;0;1.767780765;824.7;1;0
21005123;0;0;0;0;1.086528664;823.6190476;0;0
20815103;0;0;0;1.419898896;0;822.9166667;0;0
21002205;0;0;0;4.104177735;3.511722956;822.7106383;0;0
21025028;0;104;270;0;1.00221435;822.5;0;0
21005144;0;64;30;0.541319919;0;822.35;0;0
21019204;0;0;0;0;0;821.902439;0;0
20823115;0;135;140;0;0.820890821;821.21875;1;0
21025025;0;0;0;0;0.697194987;820.6666667;0;0
20826110;0;0;0;0;1.587297394;819.6666667;0;0
21019112;0;0;0;0;0.100101505;819.5555556;0;0
20826124;0;0;0;0;0.537531192;819.375;0;0
21005138;0;0;0;0;0;818.8;0;0
21025009;0;0;0;0.767613365;0;818.6923077;0;0
21005136;0;0;0;0;0;818.375;0;0
20829113;0;0;0;0;0;817.6;0;0.876627114
20821102;0;0;0;0;0;816.92;1;0
20824119;177;0;110;0;0.638389881;816.9;0;0
21015302;0;0;0;0;2.225654973;816.7758621;0;0
21003210;0;0;0;0.247260067;0;816.5365854;0;0
20828130;0;0;0;0.670373252;0;816.1724138;0;0
20828117;0;0;0;0;0;815.5428571;0;0
20828116;0;0;0;0;0;815.1428571;0;0
21002105;0;0;0;0;0;814.8055556;0;0
20826125;0;0;0;0;2.064943121;814.6060606;0;0
21025031;0;0;0;1.147927517;1.86162472;814.2068966;0;0
21005137;0;0;0;0;0;813.7391304;0;0
20815102;0;0;0;0;0;813.1666667;0;0
21010114;0;0;0;0;0;812.8076923;0;0
21012403;0;0;0;0;0;812.7857143;0;0
21019220;0;0;0;0;0;812.65;0;0
20832101;0;0;0;0;0;812.4791667;1;0
20834101;0;0;0;0;1.314341994;811.5294118;1;0
20939121;0;0;0;6.873569341;0;811.4074074;0;0
21009203;0;0;0;0;0;811.3357934;1;0
20834121;0;0;0;0;0;811.0909091;1;0
21005154;0;0;0;0;0.425710208;810.6818182;0;0
21009103;0;0;0;0;1.824138554;810.2962963;1;0
21005179;794;0;50;0.68872452;0;809.3157895;0;0
21002117;0;0;0;0.408769792;0;809.2636364;0;0
20830123;0;0;0;1.866053751;0;809.2152231;0;0.098123322
21005124;0;0;0;0;0;809.1818182;0;0
20834128;0;0;0;0;0.205470459;808.4;0;0
21005152;0;0;0;0;0.413918662;808.3181818;0;0
21005150;0;0;0;0;0.413100345;808.3;0;0
20833107;0;0;0;0;1.13559638;807.875;1;0
21002109;0;0;0;0;0;807.8571429;0;0
20832104;0;0;0;0;0;807.5434783;0;0
21010616;0;0;0;0;0;807.1662269;0;0
20823118;0;0;0;0;1.455748018;807.0689655;1;0
20820121;0;0;0;0;2.6806583;806.6071429;0;0
21005125;0;0;0;0;0;806.6;1;0
20833102;0;0;0;0;0;806.5;1;0
21005146;0;0;0;1.648846872;0;806.3181818;0;0.654995182
21019117;0;0;0;0.647701066;0;805.8666667;0;0
21701409;0;0;0;10.7410146;0;805.6649215;0;0.003815477
21025011;0;0;0;0;3.203973419;804.6326531;0;0
21019113;0;0;0;0;0;803.3846154;0;0
20823104;95;0;100;0;0.632564835;802.4666667;1;0
21005175;0;0;0;0;0.357025769;801.7727273;0;0
21019116;0;0;0;0.636699775;0;801.5;0;0
21005126;0;0;0;0;0;800.9;1;0
21025010;0;0;0;0.63025804;1.177161273;800.4102564;0;0
20834123;0;0;0;0;0;799.75;0;0
21025030;0;0;0;1.793603751;0;799.5434783;0;0
20825135;0;0;0;0;6.397284612;799.4592593;0;0
20807133;0;0;0;0;0;798.25;1;0
20817108;0;0;0;0;0;798.1333333;0;0
21005156;0;0;0;0;0.340044675;797.7619048;0;0
21025018;0;0;0;0;0.868800608;796.8918919;0;0
20807111;0;0;0;0;1.139997153;796.6;1;0
20822124;0;0;0;0;0;796.2666667;0;0
21012404;0;0;0;0;0;796.1111111;0;0
21005127;0;0;0;0;0;796.1111111;1;0.088704166
21007209;0;0;0;1.093313703;8.041497385;795.6171429;0;0.279313033
21004216;0;0;0;0.302128819;0;795.2777778;0;0
20834122;0;0;0;0;0;795.25;0;0
21010504;0;0;0;0;0;794.7532468;0;0
20807132;0;0;0;0.98774561;0;793.9444444;1;0
20826109;0;0;0;0;0;793.4;0;0
20833104;0;0;0;0;0;793.4;0;0
20707101;0;0;0;0;0;793.2272727;0;0
21005166;0;0;0;0;0.350582755;793.2222222;0;0
21025012;0;0;0;0;0.225953685;793.047619;0;0
20834124;0;0;0;0.264134604;0;792.8888889;0;0
20833108;0;0;0;0;0;792.6818182;1;0
20814301;0;0;0;0.635402649;0;792.64;0;0
21005147;0;0;0;0;0;792.5909091;0;0.009967984
20833113;0;0;0;0;0;792.2666667;0;0
21012405;0;0;0;0;0;792;0;0
20807104;0;0;0;0;0;792;0;0
20807134;0;0;0;0;0;792;1;0
20807106;0;0;0;0;0;792;1;0
20834125;0;0;0;0;0;792;0;0
20807120;0;0;0;0;0;792;1;0
20807129;0;0;0;0;0;792;1;0
20807130;0;0;0;0;0;792;0;0
20833101;0;0;0;0;0;792;1;0
21005168;0;0;0;0;0.425465545;791.7777778;0;0
20938103;0;0;0;0;0;790.5333333;0;0
20819109;0;0;0;0;0.121814068;790.52;0;0
21005170;0;0;0;0;0.71802921;790.375;0;0
21005120;436;0;20;0;0;789.8571429;0;0
21025024;0;0;0;0;0.852864369;789.8297872;0;0
21025014;0;0;0;0;3.251432702;788.1034483;0;0
21025023;0;0;0;0;0.517676885;787.5428571;0;0
21005148;0;0;0;0.245810339;0;787.25;0;0
20939101;0;0;0;0;0;786.8680556;0;0.037856466
21002103;0;0;0;0;0;786.3142857;0;0
21025013;0;0;0;0;1.12247226;786.2916667;0;0
20705407;0;0;0;0;0;786.0877193;0;0
20722103;0;0;0;0.05099771;0;785.29;0;0.058769478
20938106;0;0;0;0.421593011;0;785.1909091;0;0
21005149;0;0;0;0.395160594;0;783.0833333;0;0
20820111;198;28;260;0;0;783.08;0;0
21019218;0;0;0;0;0;782.8888889;0;2.94E-06
21002249;0;0;0;0.370533447;0.4200833;782.7666667;0;0
21019219;0;0;0;0;0;782.75;0;0
21025022;0;0;0;0.008160047;1.194031767;780.7037037;0;0
21025017;0;0;0;0;2.528947769;780.4473684;0;0
21010103;0;0;0;1.274494247;0;778.96;0;0
21010615;0;0;0;0;0;778.3571429;0;0
20807118;0;0;0;1.684246829;0;777.8461538;1;0
20807128;0;0;0;2.279140489;0;777.1666667;1;0
21002246;0;0;0;0.815641961;0;776.6538462;0;0
20828120;0;0;0;0;0;775.8928571;0;0
21005119;222;0;50;0;0;775.1904762;0;0
20939119;0;0;0;2.048757472;0;775.0296296;0;0.454135516
21025021;0;0;0;0;1.28011081;774.76;0;0
20831104;0;0;0;0;0;774.25;0;0
21701501;0;0;0;0;0;772.7857143;0;0.572160021
21019216;215;28;30;0;0;772.3928571;0;0
20828128;0;0;0;0.495205048;0;772.097561;0;0
20807131;0;0;0;0;0;771.6666667;1;0
20722602;0;0;0;1.417481944;0;771.5460123;0;0
20734101;0;0;0;5.345621069;0;771.4285714;0;0
21003306;52;89;450;0;1.189186955;771.3194444;0;0
21002102;0;0;0;7.166607166;0;770.7737003;0;0
21019114;0;0;0;0;0;770.44;0;0
20706502;0;0;0;0;5.132141772;769.0151057;0;0
20822118;0;30;480;0;0;768.1212121;0;0
21025020;0;0;0;0;0;768;0;0
21002112;0;0;0;0.418195666;0;767.9285714;0;0
20807112;0;0;0;0;0;767;0;0
20832106;0;0;0;0;0;766.787234;0;0
20822123;47;100;450;0;1.046518781;766.037037;0;0
20705202;0;0;0;0;0;765.7380952;0;0
21001112;0;0;0;0;0;765.3428571;0;0
21019217;37;10;10;0;0;764.1;0;0.002223309
21004203;0;0;0;0;0;763.6666667;0;0.249849538
21004303;119;157;20;0;0;763.4272727;1;0
20826127;0;0;0;0;1.582334822;763.1304348;0;0
20828121;0;0;0;0;0;763;0;0
21020121;0;0;0;0.075281977;0;762;0;0
20807127;0;0;0;0;0;761;1;0
21003302;0;0;0;4.201125779;2.982229058;760.7265625;0;0
21005118;306;0;130;0.247489885;0;760.6190476;0;0
20817109;0;0;0;0;0;760.6;0;0
21019115;0;0;0;0.261256765;0;759.3548387;0;0
21004202;0;41;140;0;0;758.24;0;0.163066347
20705101;0;0;0;0;0;758.115869;0;0
20825133;0;0;0;0;0;758;0;0
20807102;0;0;0;0;0;758;1;0
20706103;0;0;0;0;3.135275296;757.3271605;0;0
20706102;0;0;0;0;3.580270028;756.9636364;0;0
21022101;0;0;0;0;0;756.8809524;0;0
21004204;579;0;60;0;0;756.75;0;0.041619741
21025019;0;0;0;0;0;756.2962963;0;0
20822116;0;0;0;0;0;756.2424242;0;0
21025016;0;0;0;0;0.360985425;756.225;0;0
20807114;0;0;0;0;0;756.1538462;1;0
21020125;0;0;0;0;0;755.6842105;1;0
21019146;0;0;0;0.505404108;0;754.9375;0;0
21010602;0;0;0;0;0;754.1666667;0;0
21019214;163;73;20;0;0;752.5555556;0;0
20807115;0;0;0;0;0;752.5217391;1;0
21002203;279;276;220;0.178916461;0;751.9589041;0;0
21020119;0;0;0;0.864421881;0;751.8333333;0;0
20825136;0;0;0;0;0.800275938;751.2307692;0;0
20821107;0;0;0;0;0;750.9882353;1;0
20807113;0;0;0;0;0;750.5833333;1;0
21010503;0;0;0;0;0;749.4666667;0;0
21025036;0;0;0;1.050859829;0;749.24;0;0
21002247;903;0;150;0.422977228;0.848522358;748.7837838;0;0
20820122;0;0;0;0;0;747.5384615;0;0
21025015;0;0;0;0;0.371381965;747.5;0;0
21701202;0;0;0;0;0;747.2333333;0;0
21020122;0;0;0;0.135215774;0;747;0;0
21020104;0;0;0;0.998335791;0;746.2857143;0;0
20817105;0;0;0;0;0;745.862069;0;0
20938105;0;0;0;0;0;745.5812808;0;4.53E-05
21002202;0;0;0;0.405147667;0;745.5428571;0;0
20826117;0;0;0;0;0;745.5;0;0
20708302;0;0;0;0;0;744.9226519;0;0
20826122;0;0;0;0;0.44546208;743.6;0;0
20807117;0;0;0;0;0;743.25;1;0
20828123;0;0;0;0;0;743;0;0
21020118;0;0;0;0;0;742.75;0;0
21010610;0;0;0;0;0;742.4;0;0
21019145;64;34;160;0;0;742.1764706;0;0
21020120;0;0;0;0.796388629;0;742.1428571;1;0
20817103;0;0;0;0;0;742.125;0;0
21010111;127;95;650;2.042659465;0;741.59375;0;0
21007203;0;0;0;0.718997089;4.801670634;741.4013158;0;0
20820110;0;0;0;0;0.543696688;741.4;0;0
20822110;108;0;280;0;0;740;0;0
21019215;0;0;0;0;0;739.7;0;0
20826119;0;0;0;0;0;739.5;0;0
21002113;0;0;0;0;0;739.3777778;0;0
21005117;0;0;0;1.966324093;0;739.173913;0;0
21007204;0;0;0;0;0.142887377;739.0294118;0;0
20708301;0;0;0;0;0;738.9064327;0;0
21021108;0;0;0;0;0;738.5;0;0
20705404;0;0;0;0;0;738.1212121;0;0
20817110;0;0;0;0;0;738;0;0
20939110;0;0;0;5.572714153;0;737.9411765;0;0.07246661
21025037;0;0;0;0;0;737.25;0;0
20815501;0;0;0;0;0;737;0;0
21020117;0;0;0;0;0;736.6;0;0
20819107;0;0;0;0;0;736.4;0;0
20832107;0;0;0;0;0;736.2093023;0;0
20822115;0;44;150;0;0;735.9393939;0;0
21019213;45;99;20;0.802928839;0;735.9285714;0;0
20705402;0;0;0;0;0;735.4534884;0;0
21020116;0;0;0;1.072238417;0;735.4444444;1;0
20819115;0;0;0;0;0;735.1531532;0;0
21020123;0;0;0;0;0.068859283;735;1;0
21025032;0;0;0;0;0;735;0;0
20818103;0;0;0;0.415455837;0;734.8181818;1;0
21021114;0;0;0;0;0;734.5;0;0
20721303;0;0;0;11.88417152;0;733.7572816;0;0.146975837
20822117;0;0;0;0;0;732.7941176;0;0
20939120;0;0;0;0.136691041;0;732.4833333;0;0
20831109;0;0;0;0;0;732.4814815;0;0.000332336
21025006;0;0;0;0;0;732.1538462;0;0
21025033;0;0;0;0;0;732.1428571;0;0
21020124;0;0;0;0;0.14004508;732;1;0
21010611;218;0;1080;0;0;732;0;0
20817101;0;0;0;0;0;732;0;0
20817102;0;0;0;0;0;732;0;0
20826118;0;0;0;0;0;732;0;0
21701503;0;0;0;2.74329769;0;731.7333333;0;0.289323199
21008314;0;0;0;0;1.063650464;731.6666667;0;0
21025035;0;0;0;1.570732592;0;731.55;0;0
20807116;0;0;0;0;0;731.5151515;1;0
21021110;0;0;0;0;0;731.5;0;0
20812103;0;0;0;0;0;731.2690763;1;0
21008313;0;0;0;0;2.059726848;731.1728395;1;0
21025027;0;0;0;0;0;731.05;0;0
21010614;0;0;0;0;0;731;0;0
21009116;0;0;0;0;0;731;0;0
21008312;0;0;0;0;0;731;0;0
21021112;0;0;0;0;0;731;0;0
21021107;0;0;0;0;0;731;0;0
21021109;0;0;0;0;0;731;0;0
21021113;0;0;0;0;0;731;1;0
21009115;0;0;0;0;0;730.7962963;1;0
20822122;0;0;0;0;0;728.36;0;0
21003105;0;170;90;1.114005056;0;728.1557377;0;0
20828126;0;0;0;0;0;728.1071429;0;0
21005116;0;0;0;1.209621034;0;725.826087;0;0
20821106;0;0;0;0;0;725.5575221;1;0
20813203;0;0;0;0.543654732;0;723.6857143;0;0
21019138;0;0;0;0;0;723.4705882;0;0
20810203;0;0;0;0;0;721.88;0;0
21019140;0;0;0;0;0;721.625;0;0
20705205;0;0;0;0;0;721.2711864;0;0
21019129;0;0;0;0;0.799118574;721.2653061;0;0
20820107;0;0;0;0;0;720.7666667;0;0
20822114;301;0;30;0;0;720.6969697;0;0
21019136;0;0;0;0;0;720.4545455;0;0
20707105;0;0;0;0;0;719.7926829;0;0
21019118;0;0;0;0;0;718.75;0;0
21004217;0;0;0;0;0;717.1666667;0;0
20820106;0;0;0;0;0;715.4;0;0
20939111;0;0;0;1.600248737;0;715.3677419;0;0.166774559
20822113;0;0;0;0;0;714.4242424;0;0
21019128;0;0;0;0;0.91740023;712.9705882;0;0
20722501;0;0;0;7.03039192;4.877696485;711.1725067;0;0
21701504;0;0;0;4.24537725;0;711.1294118;0;0.879832141
21019211;0;0;0;0;0;710.25;0;0
20819105;0;0;0;0;0;709.96;0;0
20813302;0;0;0;0.80111147;0;709.516129;0;0
20722205;0;0;0;1.655261136;0;708.58;0;0
20815104;0;0;0;5.763219029;0;707.8421053;0;0
20822112;0;0;0;0;0;707.5454545;0;0
20822111;0;0;0;0;0;707.5151515;0;0
21001110;0;0;0;0;0;707.2333333;0;0
20721201;0;0;0;0;0;706.92;0;0.239009385
20830106;0;0;0;0;0;706.3870968;0;0.126267807
20938107;0;0;0;2.616967891;0;706.0916031;0;0.000608626
20815101;0;0;0;0;0;704.2903226;0;0
21003107;0;78;190;0;0;702.4655172;0;0
21005115;0;0;0;0.314862635;0;702;0;0
20802106;0;0;0;0;0;700.4029851;0;0
20810303;0;0;0;0;0;699.8768657;0;0
20810301;0;0;0;0;0;699.7586207;0;0
21001111;0;0;0;0;0;698.9333333;0;0
21004112;136;0;30;0;0;698.83;0;0.051246682
20705403;0;0;0;0;0;698.5666667;0;0
20831110;0;0;0;0.476357477;0;698.4110032;0;0.24140207
21002248;0;0;0;0;0;696.2941176;0;0
21019137;0;0;0;0;0;694.5925926;0;0
21019135;0;0;0;0;0;693.4;0;0
21704402;0;0;0;0;0.556439221;693.3658537;0;0
21019132;0;0;0;0;0;692.4545455;0;0
20718607;0;0;0;0;0;691.2307692;0;0
20820108;0;0;0;0;0.309426413;689.7333333;0;0
20705301;0;0;0;0;0;689.4234973;0;0
21002250;0;0;0;3.334114094;0;688.9230769;0;0
21005114;0;0;0;0;0;687.7826087;0;0
20819103;0;0;0;0;0;686.9230769;0;0
20828124;0;0;0;0;0;684.88;0;0
20813301;0;0;0;11.74907483;0;684.8429752;0;0
20712504;0;0;0;0;0;683.8;0;0.704788511
20707103;0;0;0;0;3.06889997;683.7884615;0;0
21701601;0;0;0;2.590056629;0;682.92;0;0.997821471
20812101;0;0;0;17.45381331;0;681.9287532;0;0
21019127;0;0;0;0;0.866455996;681.6774194;0;0
20812102;0;0;0;1.739012859;0;680.9470199;0;0
21001102;0;0;0;0;0;680.525;0;0
20721304;0;0;0;0;0;680.2758621;0;0
20815105;0;0;0;0;0;680.12;0;0
21005113;0;26;210;0;0;677.6;0;0
21001113;0;0;0;0;0;676.5816733;0;0
21019126;0;0;0;0;0.07879587;676.4166667;0;0
20819104;0;0;0;0;0;675.12;0;0
21004212;76;245;90;0;0;674.9;0;0.239741115
20707104;0;0;0;0;0.941881398;674.8839286;0;0
20820109;0;0;0;0;0;674.8666667;0;0
20802101;0;0;0;0;0;672.6392405;0;0
21019139;0;0;0;0;0;670.9166667;0;0
20819116;0;0;0;0;0;670.5;0;0
21003301;0;0;0;0;0;670.2285714;0;0
20721302;0;0;0;0;0;670.1632653;0;0.467942263
20813201;0;0;0;7.21446025;0;668.637224;0;0
20810304;0;0;0;0;0;667.4166667;0;0
21003102;0;0;0;4.945266544;0;666.3259259;0;0.000541226
21005112;0;0;0;0;0;666.2727273;0;0
21002251;0;0;0;0;0;666.2;0;0
20810402;0;0;0;0;0;666.1333333;0;0
21019144;0;0;0;0;0;665.6071429;0;0
21019143;0;0;0;0;0;665.03125;0;0
21019141;0;0;0;0;0;662.9333333;0;0
21019125;0;0;0;0;0;662.4411765;0;0
21002228;0;22;90;2.473527641;0;660.7428571;0;0
21019124;0;81;510;0;0;660.7222222;0;0
21002229;403;69;40;0;0;660.6190476;0;0
20830125;0;0;0;0;0;660.4144144;0;0.770242637
20810202;0;0;0;0;0;659.48;0;0
21002240;0;38;80;0;0;659.2758621;0;0
20814302;0;0;0;0;0;658.96;0;0
21004304;156;0;10;0;0;658.8717949;1;0
20721305;0;0;0;0;0;658.8529412;0;0
20831111;0;0;0;0;0;658.745098;0;0.123352534
21002230;21;22;50;0;0;658.6363636;0;0
21001205;0;0;0;0;0;656.8275862;0;0
21019142;0;0;0;0;0;656;0;0
20811234;0;0;0;0;0;656;0;0
20721202;0;0;0;17.71545546;0;655.7847222;0;0.051866564
20810201;0;0;0;0;0;655.2848665;0;0
20705206;0;0;0;0;0;654.84;0;0
20722603;0;0;0;5.797078401;0;647.0769231;0;0
20939122;0;0;0;1.998173227;0;646.1538462;0;0
20811305;0;0;0;0;0;643.86;1;0
20814305;0;0;0;0;0;643.7090909;0;0
20705504;0;0;0;0;0;643.16;0;0
20722101;0;0;0;0;0;642.9649123;0;0.037352214
21004215;0;48;110;0;0;642.9473684;0;0.008194981
20831105;0;0;0;0;0;638.1935484;0;0
21701301;0;0;0;7.367993494;0;636.803681;0;0
20814213;0;0;0;0.293921252;0;635.3;0;0
20815602;0;0;0;1.873176698;0;635.1268657;0;0
20707207;0;0;0;0;0;634.0666667;0;0
20811233;0;0;0;0;0;633.2;0;0
21701302;0;0;0;1.665672395;0;632;0;0
21002239;56;47;100;0;0;631.7179487;0;0
20706104;0;0;0;0;0;630.9936306;0;0
21002244;157;28;30;1.73502443;0;628.0454545;0;0
20812106;0;0;0;3.414350498;0;626.5408163;1;0
20712604;0;0;0;0;0;626.4285714;0;0
20831112;0;0;0;0;0;625.8;0;0
21002245;0;149;150;2.472196718;0;625.6818182;0;0
21003307;0;0;0;0;0;625.1212121;0;0
20814111;0;0;0;3.837956999;0;624.3939394;0;0
20722203;0;0;0;0.53687371;0.13207714;623.5;0;0
20830108;0;0;0;0;0;620.9090909;0;0.082830322
20721403;0;0;0;4.735472827;0;620.71875;0;0
21002224;0;0;0;0.845142023;0;619.952381;0;0
21002225;0;0;0;2.871521941;0;619.8444444;0;0
20705401;0;0;0;0;0;619.2298851;0;0
21002222;0;0;0;0;0;618.6190476;0;0
21002226;0;16;60;1.837436496;0;618.6086957;0;0
21001203;0;0;0;0;0;617.1910112;0;0
20721203;0;0;0;0;0;616.8947368;0;0
21002252;0;0;0;0;0;615.5555556;0;0
20706501;0;0;0;0;1.864622295;615.2865854;0;0
21004214;181;38;30;0.083038066;0;615.0322581;0;0.00291085
21002223;0;0;0;0.603119017;0;613.7142857;0;0
21701201;0;0;0;0.206995269;0;613.4947368;0;0.003897012
21004218;153;58;30;0.407653585;0;612.21875;0;0
21002218;0;0;0;0.701422118;0;607.8695652;0;0
20811220;0;0;0;0.357548133;0;607.5652174;0;0
20721402;0;0;0;12.45538778;0;607.3529412;0;0.018719047
20811216;0;0;0;0;0;607.2173913;0;0
20811217;0;20;300;0;0;607.1304348;0;0
21002221;0;0;0;0;0;607.0454545;0;0
20718406;0;0;0;6.066398193;0;606.3714286;0;0
20811219;0;0;0;0;0;605.7727273;0;0
21703301;0;0;0;0;0;605.5918367;0;0
20705601;0;0;0;0;0;604.3869347;0;0
20830107;0;0;0;0;0;604.1101695;0;0
20939115;0;0;0;0.945809275;0;603.1492537;0;0.318530707
20718605;0;0;0;0;0;601.5333333;0;0
20705302;0;0;0;0;0;601.3;0;0
21003103;0;0;0;0;0;600.7567568;0;0
20938110;0;0;0;5.530257471;0;600.720339;0;0.022694034
20811214;0;80;30;0;0;599.0909091;0;0
20722204;0;0;0;1.8884637;0;598.78;0;0
20811215;0;0;0;0;0;598.4347826;0;0
21001104;599;88;750;0;0;597.7222222;0;0
20811218;0;0;0;0;0;597.4583333;0;0
21004111;696;9;120;0;0;597.2735849;1;0
21001218;0;0;0;0;0;596.4571429;0;0
20939102;0;0;0;5.370346454;0;595.3275434;0;0.008867598
21002243;0;0;0;1.34096943;0;593.25;0;0
20721301;0;0;0;0;0;591.9272727;0;0
20938104;0;0;0;0.314438504;0;591.6470588;0;0.934696805
20801301;0;0;0;0;0;591.5073892;0;0
20939118;0;0;0;1.615589584;0;590.754386;0;0
20811212;40;84;50;0;0;589.0909091;0;0
20810102;0;0;0;0;0;588.8913043;0;0
20813401;0;0;0;0;0;587.5217391;0;0
20938109;0;0;0;1.122879462;0;586.754386;0;0.776766968
20814232;0;0;0;0;0;584.6896552;0;0
20811213;0;192;10;0;0;582.3913043;0;0
20939117;0;0;0;2.7534227;0;578.9561404;0;0.003073689
20812105;0;0;0;3.47366697;0;578.9074074;1;0
20718609;0;0;0;0;0;577.6212121;0;0
20813403;0;0;0;2.017061977;0;575.65625;0;0
21004108;227;54;160;0;0;574.64;0;0
20811211;100;10;100;0;0;574.2173913;0;0
20939103;0;0;0;9.33213217;0;573.7692308;0;0
20721401;0;0;0;2.436928462;0;570.091954;0;0
20811306;0;0;0;0;0;569.92;0;0
20938116;0;0;0;7.605620744;0;566.5178082;0;0.073282695
21001101;0;0;0;0;0;566.5025126;0;0
21701104;0;0;0;0;0;566.0333333;0;0.923844299
20802604;0;0;0;0;0;565.8579235;0;0
20814214;0;0;0;0.420381223;0;559.65;0;0
20811210;0;173;130;0;0;559.4761905;0;0
21001206;0;0;0;0;0;557.08;0;0
20718613;0;0;0;0;0;556.96;0;0
20723201;0;0;0;10.68911402;0;556.2312139;0;0
20814215;0;0;0;0.59636229;0;553.76;0;0
20815601;0;0;0;5.454275941;0;553.5697674;0;0
20809101;0;0;0;0;0;553.1388889;0;0
20706401;0;0;0;0;0;552.8318584;0;0
21004105;35;0;10;0;0;551.2416667;0;0
20718408;0;0;0;0;0;550.1185185;0;0
20940106;0;0;0;12.46615314;0;549.3713528;0;0
20723301;0;0;0;2.470614679;0;549.1793478;0;0
20712501;0;0;0;0;0;546.9069767;0;0.969654595
20722304;0;0;0;0;0;544;0;0.100262321
21701103;0;0;0;0;0;542.9666667;0;0.477758355
21004107;0;63;30;0;0;541.44;0;0
20814107;0;0;0;0;0;541.2777778;0;0
21002236;0;0;0;1.573116535;0;540.6551724;0;0
20810101;0;0;0;0;0;539.5423077;0;0
20722201;0;0;0;4.330107527;0;539.5026455;0;0
20801201;0;0;0;0;0;538.0403023;0;0
20940115;0;0;0;7.034809916;0;536.1891892;0;0
21001220;0;105;50;0;0;535.5268817;0;0.002489408
20721101;0;0;0;0;0;535.2068966;0;0
20814230;0;0;0;0;0;534.4642857;0;0
20712602;0;0;0;0;0;534.195122;0;0.930465994
20722202;0;0;0;2.365821862;0;532.8777778;0;0
20940104;0;0;0;18.35691531;0;532.471464;0;0
20708202;0;0;0;0;5.902580656;531.4063325;0;0
21701602;0;0;0;0;0;531.3125;0;0.849435026
21703302;0;0;0;0;0.173701809;529.3578947;0;0
20712502;0;0;0;0;0;529.2097902;0;0.711863375
20612113;0;0;0;0;0;523.2333333;0;0
20811208;0;0;0;0;0;522.5555556;0;0
20612125;0;0;0;0;0;521.16;0;0
20712603;0;0;0;0;0;520.3409091;0;0.003072008
20813404;0;0;0;2.884426094;0;520.0518135;0;0
20707201;0;0;0;0;4.979701097;515.0547945;0;0
20705502;0;0;0;0;0;510.8333333;0;0
20811235;0;0;0;0;0;510.8;0;0
20811304;89;41;190;0;0;510.36;0;0
20811231;0;0;0;0;0;509.3157895;0;0
20809102;0;0;0;0;0;506.4915254;0;0
20705503;0;0;0;0;0;506.0942029;0;0
20707601;0;0;0;0;0;505.3641975;0;0
20811227;0;0;0;0;0;498.1724138;0;0
21002235;53;337;320;1.66297167;0;497.0882353;0;0
20706202;0;0;0;0;0;497.0123457;0;0
20718610;0;0;0;0;0;496;0;0
20707206;0;0;0;0.283677802;2.251057348;494.0163934;0;0
20925103;0;0;0;0.41168024;0;493.38;0;0
21001108;0;0;0;0;0;492.3;0;0
20814221;0;0;0;2.820652635;0;491.9622642;0;0
20811402;0;0;0;10.37232246;0;491.2444444;0;0
20814216;0;0;0;0;0;491.2;0;0
20722303;0;0;0;4.816124699;7.700444835;490.1818182;0;0.193654341
21001219;353;115;610;0;0;488.64;0;0
20814217;0;0;0;0;0;487.92;0;0
20706201;0;0;0;0;0;487.5628931;0;0
20814110;0;0;0;0;0;487.16;0;0
20712405;0;0;0;0;0;485.88;0;0
20707602;0;0;0;1.92950801;0;485.7349398;0;0
21703303;0;0;0;0;0.035013207;482.2;0;0
20814108;0;0;0;0;0;480.2777778;0;0
20811309;452;0;70;0;0;479.9818182;0;0
20705506;0;0;0;0;0;479.5555556;0;0
21001204;0;0;0;0;0;479.402439;0;0
20801102;0;0;0;0;0;479.1266667;0;0
20811232;0;0;0;0;0;479;0;0
20718603;0;0;0;0;0;478.2424242;0;0
20812110;0;0;0;4.715148668;0.961057396;477.864;0;0
20814229;0;0;0;0;0;477.1481481;0;0
20814233;0;0;0;0.797604318;0;475.9487179;0;0
20802603;0;0;0;0;0;472.25;0;0
20939116;0;0;0;0.504233595;0;472.0697674;0;0.000901181
20712601;0;0;0;0;0;470.3264249;0;0.011560088
20801505;0;0;0;0;0;467.4458204;0;0
20811225;184;0;100;0;0;466.7647059;0;0
20718612;0;0;0;0;0;466.1333333;0;0
20938108;0;0;0;2.111216874;0;464.8611111;0;0.999333135
20705501;0;0;0;0;0;464.8219178;0;0
20718303;0;0;0;1.03397642;0;464.1916376;0;0
20814231;0;0;0;5.726020345;0;464.1666667;0;0
20814304;0;0;0;0;0;463.2666667;0;0
20814303;0;0;0;0;0;462.4333333;0;0
20810413;0;0;0;0;0;460.9203297;0;0
20814218;0;0;0;0;0;460.64;0;0
20812107;0;0;0;4.811144459;0;460.1824818;0;0
20814101;0;0;0;0.577026872;0;460.18;0;0
20814235;0;0;0;0;0;459.8441558;0;0
20811207;54;0;220;0.613396178;0;459.8125;0;0
20811206;0;0;0;1.743610291;0;456.5;0;0
20802601;0;0;0;0;0;456.3333333;0;0
20718404;0;0;0;0;0;454;0;0
20722403;0;0;0;19.31498012;0;452.8885449;0;0
20810412;0;0;0;0;0;452.4285714;0;0
21002241;0;0;0;1.34589645;0;452.1111111;0;0
20718407;0;0;0;3.814285212;0;450.1805556;0;0
21001202;0;0;0;0;0;448.6056338;0;0
20706402;0;0;0;0;0;448.5454545;0;0
20722302;0;0;0;0;0.210079114;446.9555556;0;0
20708401;0;0;0;0;0;445.4033149;0;0
20811230;0;31;50;0;0;444.03125;0;0
20925102;0;0;0;12.12789574;0;443.3003003;0;0.032456256
20938114;0;0;0;2.056918963;0;437.3953488;0;0.147264176
20813106;0;0;0;9.661370808;0;436.8489426;0;0
20811223;0;0;0;0;0;436.125;0;0
20811117;627;0;70;0.092071954;0;435.8529412;0;0
20801502;0;0;0;0;0;435.8166667;0;0
21004109;0;84;10;0;0;434;0;0
20723202;0;0;0;0;0;434;0;0
21002242;0;0;0;0;0;433.6;0;0
20811301;0;0;0;1.761783311;0;433.4569536;0;0
20721102;0;0;0;14.12174726;0;432.760989;0;0
20811405;0;0;0;0.90654262;0;431;0;0
20811124;0;0;0;0;0;430.2142857;0;0
21001201;0;0;0;0;0;428.28;0;0
20926103;0;0;0;7.017199221;0;426.0123457;0;0.097997215
20814109;0;0;0;0;0;425.78;0;0
20921103;0;0;0;0;0;425.7111111;0;0
21001109;0;0;0;0;0;424.7909091;0;0
20814227;0;0;0;0.328431576;0;424.5;0;0
20801605;0;0;0;0;0;423.4910714;0;0
21703404;0;0;0;1.09073361;0;422.220339;0;0
20707508;0;0;0;7.513230589;4.43472193;422.1538462;0;0
20814106;0;0;0;0;0;421.7777778;0;0
20712403;0;0;0;0;0;420.8;0;0
20722301;0;0;0;0;0;419.06;0;0.4128063
20718502;0;0;0;0;0;418.1598837;0;0
21703403;0;0;0;4.119526398;0;417.3125;0;0.155256951
20811228;0;0;0;0;0;415.4074074;0;0
20940109;0;0;0;3.096166697;0;414;0;0
20926104;0;0;0;17.51037634;0;413.2097561;0;0.088380732
20712106;0;0;0;0;0;412.373494;0;0
20708602;0;0;0;0;0;411.3684211;0;0
20814236;0;0;0;0.340637443;0;410.3076923;0;0
20718116;0;0;0;0;0;409.82;1;0
20921117;0;0;0;0.082546294;0;406.4937888;0;0
20705602;0;0;0;0;0;406.3369565;0;0
21701101;0;0;0;0;0;404.9541284;0;0.011813111
20810410;0;0;0;0;0;404.2777778;0;0
20811229;0;0;0;0.809426963;0;401;0;0
20814220;0;0;0;0;0;400.12;0;0
20814219;0;0;0;0;0;400.04;0;0
20811226;0;89;100;0;0;398.88;0;0
20811118;19;0;50;0.360656855;0;398.8648649;0;0
20712401;0;0;0;0;0.014599673;397.3567839;0;8.00E-05
20801403;0;0;0;0;0;395.0555556;0;0
20708201;0;0;0;0;0;394.902439;0;0
20940103;0;0;0;3.423952234;0;392.9336283;0;0.016754226
20712503;0;0;0;0;0;392.34;0;0.031297694
20814237;0;0;0;0;0;391.5;0;0
20723207;0;0;0;0;0;391.2;0;0
20812109;0;0;0;4.959040495;0.5109366;391.0480769;0;0
20801405;0;0;0;0;0;390.4411765;0;0
20718611;0;0;0;0;0;390.3333333;0;0
20612114;0;0;0;0;0;389.1128609;0;0.035329783
20813501;0;0;0;4.717609264;0;385.86;0;0
20712404;0;0;0;0;0;385.3947368;0;0
20811308;61;121;20;0;0;384.88;0;0
20921108;0;0;0;7.405259394;0;384.6707022;0;0.177577517
20938113;0;0;0;5.773026695;0;384.4477612;0;0.776801116
20723103;0;0;0;1.966246555;0;383.8888889;0;0
20718405;0;0;0;1.153947129;0;380.1733333;0;0.050068318
20814234;0;0;0;0;0;379.6;0;0
20718117;0;0;0;0;0;379.24;0;0
20921105;0;0;0;3.908284678;0;378.8357488;0;0
20708501;0;0;0;0;3.109640035;378.1746032;0;0
20814224;0;0;0;0.512761012;0;376.9285714;0;0
21004110;0;0;0;0;0;376;0;0
20812108;0;0;0;0.514184038;0;375.1710526;0;0
20813105;0;0;0;2.534853108;0;372.7931034;0;0
20707507;0;0;0;0.228946196;0;370;0;0
20718403;0;0;0;0;0;369.8571429;0;0
20811127;0;0;0;0;0;369.5;0;0
20814105;0;0;0;0;0;367.5555556;0;0
20814228;0;0;0;0.722083047;0;367.3888889;0;0
20813103;0;0;0;0;0;364.6;0;0
20811119;0;0;0;0;0;361.59375;0;0
20705505;0;0;0;0;0;360.62;0;0
20940116;0;0;0;5.59289518;0;359.7027027;0;0
20706404;0;0;0;0;0;359.201581;0;0
20723203;0;0;0;0;0;358.4324324;0;0
20708504;0;0;0;0;0;357.8;0;0
20811307;156;94;60;0;0;357.45;0;0
20940102;0;0;0;0;0;357.12;0;0.759784749
20706301;0;0;0;0;0;356.5826087;0;0
20718503;0;0;0;0;0;354.2647059;0;0
20814223;0;0;0;0.066584442;0;347.9491525;0;0
20718105;0;0;0;0;0;347.2133333;0;0
20811404;0;0;0;0;0;346.6451613;0;0
20814209;0;0;0;0;0;344.8;0;0
20707502;0;0;0;0;0;344.21875;0;0
20707301;0;0;0;0;0;343.7093333;0;0
20814211;0;0;0;0;0;343.6769231;0;0.218688783
20718110;0;0;0;0;0;343.6;0;0
20712107;0;0;0;0;0;342.41;0;0.000857251
20811224;0;24;210;0;0;339.3214286;0;0
20723109;0;0;0;10.02393161;0;339.2559524;0;0
20810414;0;0;0;0;0;337.5952381;0;0
20718304;0;0;0;0;0;336.7981651;1;0
20712204;0;0;0;0;0;336.6213592;0;0.830972148
20801504;0;0;0;0;0;336.0925926;0;0
20706304;0;0;0;0;0;335.9880952;0;0
20723104;0;0;0;0.022396777;0;335.4;0;0
20722404;0;0;0;0.650172214;0;334.5890411;0;0
20940119;0;0;0;2.199246106;0;334.3076923;0;0
20708601;0;0;0;0;0;333.4666667;0;0
20712402;0;0;0;0;1.162985972;332.2333333;0;0
20814226;0;0;0;0;0;331.2941176;0;0
20706303;0;0;0;0;0;331.1932367;0;0
20723101;0;0;0;0;0;329.1454545;0;0
20814208;0;0;0;0;0;326.28125;0;0
20811113;171;87;100;0;0;325.744186;0;0
20814104;0;0;0;0;0;324.7037037;0;0
20940110;0;0;0;0.635986793;0;323.9222222;0;0
20811302;0;184;140;0;0;323.8461538;0;0
20940124;0;0;0;3.109804835;0;323.7029703;0;0
20707419;0;0;0;0;0;322.3761905;0;0
20723206;0;0;0;0;0;322.04;0;0
20801601;0;0;0;0;0;320.25;0;0
20627118;0;0;0;0;0;316.6058394;0;0
20925101;0;0;0;24.99790843;0;315.8104738;0;0
20940117;0;0;0;0;0;315.2210526;0;0
20813101;0;0;0;1.076481471;0;315.0625;0;0
21701102;0;0;0;1.945460009;0;314.1851852;0;0.621735986
20801604;0;0;0;0;0;313.5;0;0
20813502;0;0;0;0;0;313.3354839;0;0
20718211;0;0;0;0;0;313.1090909;0;0
20708101;0;0;0;0;0;312.9287356;0;0
20811126;0;0;0;0;0;312.4;0;0
20813503;0;0;0;0.311133995;0;311.9;0;0
20811122;333;0;30;0;0;311.8666667;0;0
20811129;675;0;10;0;0;311.4166667;0;0
20814102;0;0;0;0;0;311.12;0;0
20718118;0;0;0;0;0;311;0;0
20708606;0;0;0;0;0;308.7943262;0;0
20706403;0;0;0;0;0;308.5605096;0;0
20722402;0;0;0;0;0;305.5;0;0
20814210;0;0;0;0;0;304.7857143;0;0.0002305
20814225;0;0;0;0;0;304.0344828;0;0
20811203;0;0;0;0;0;304;0;0
20938115;0;0;0;8.658711629;0;301.3209549;0;0.063967975
20718210;0;0;0;0;0;294.6814159;0;0
20723107;0;0;0;0;0;292.28;0;0
20811121;0;0;0;0;0;283.5666667;0;0
20627163;0;0;0;0;0;283.1190476;1;0
20940123;0;0;0;0;0;281.2037037;0;0
20718109;0;0;0;0;0;280.775;0;0
20718206;0;0;0;0;0;278.9;0;0
20928104;0;0;0;7.065388069;0;276.1322506;0;0.106370809
20723105;0;0;0;0.889347165;0;275.84;0;0
20811109;0;0;0;0;0;275.25;0;0
20723204;0;0;0;0;0;270.4666667;0;0
20707302;0;0;0;0;0;269.5789474;0;0
20720121;0;0;0;0;0;269.1428571;0;0
20723208;0;0;0;0;0;269;0;0
20707509;0;0;0;0;0.90582275;268.04;0;0
20706305;0;0;0;0;0;267.96875;0;0
20707425;0;0;0;5.18776886;0;267.75;0;0
20811105;0;0;0;0;0;265.8;0;0
20723110;0;0;0;0;0;263.95;0;0
20718119;0;38;90;0;0;263.575;1;0
20712205;0;0;0;0;0;262.137931;0;0
20707409;0;0;0;0;0.491429708;261.75;0;0
20627105;0;0;0;0;0;261.4144737;0;0
20811128;0;40;70;0;0;258.7352941;0;0
20712316;0;0;0;0.053930552;0;257.5755814;1;0
20723209;0;0;0;0;0;256.2857143;0;0
20813504;0;0;0;0;0;255.9655172;0;0
20814103;0;0;0;0;0;253.9333333;0;0
20725101;0;0;0;0.417470469;0;253.5;0;0
20811114;0;0;0;0;0;253.1111111;0;0
20719119;0;0;0;0;0;250.4583333;0;0
20811120;0;18;70;0;0;249.6333333;0;0
20940120;0;0;0;0;0;249.2631579;0;0
20813505;0;0;0;0;0;248.9655172;0;0
20707427;157;86;30;0;0;248.4727273;1;0
20707303;0;0;0;0;0;247.52;0;0
20940121;0;0;0;0;0;245.2857143;0;0
20725107;0;0;0;0.02325423;0.449546044;245.1666667;0;0
20940125;0;0;0;0;0;245;0;0
20707428;619;0;320;0;0;244.56;0;0
20725105;0;0;0;0;0;244;0;0
20731102;0;0;0;0.07008347;0;244;1;0
20731101;0;0;0;0;0;244;1;0
20723108;0;0;0;0;0;244;0;0
20731106;0;0;0;0;0;244;0;0
20725103;0;0;0;0;0;243.6666667;0;0
20725108;0;0;0;0;0;243.3333333;0;0
20707423;0;0;0;0.004686195;0;243;0;0
20707422;0;0;0;0.247465859;0;243;0;0
20707417;0;0;0;0.067924591;0;243;0;0
20707407;0;0;0;0.106113061;0;242.75;0;0
20707416;215;0;310;0;0;242.6666667;0;0
20720122;0;91;170;0.118870615;0.859508756;242.5294118;1;0
20725110;0;0;0;0.05423138;0.433036789;242.2;0;0
20718301;0;0;0;0;0;242;0;0
20725112;0;0;0;0;0;241.3333333;0;0
20940101;0;0;0;0;0;240.1570681;0;0.049994774
20720102;0;0;0;0;0;240;0;0
20720103;0;0;0;0;0;240;0;0
20720207;0;0;0;0;0;240;0;0
20718111;0;0;0;0;0;239.875;0;0
20720109;0;0;0;0;0;238;0;0
20720123;0;0;0;0;0.137956214;238;0;0
20720124;0;0;0;0;0.262883573;238;0;0
20720209;0;0;0;0;0;236.7;0;0
20720210;0;0;0;0.186127446;0;235.4;1;0
20708502;0;0;0;0.09192909;6.491970429;231.5396825;0;0
20720116;0;0;0;0;0;230;0;0
20732107;0;18;160;0;0;229.5555556;0;0
20926102;0;0;0;7.005163707;0;227.5926829;0;0.070974016
20720202;0;0;0;0;0;226.4;0;0
20720117;0;0;0;0.101976518;0;225;0;0
20712313;0;0;0;0.514419565;0;224.5833333;0;0
20708604;314;60;490;0;0;220.68;0;0
20720120;0;0;0;0.115566427;0;220.5;0;0
20712108;0;0;0;1.206691902;0.155587268;220.2625;0;0
20714101;0;0;0;0;0;212.1714286;0;0
20712209;0;0;0;0;0;209.625;0;0.014792753
20712314;0;0;0;0;1.375612599;209.1875;0;0
20732120;0;6;30;0;0;208.8695652;0;0
20718209;0;40;430;0;0;208.7794118;0;0
20712208;0;0;0;0;0;207.9333333;0;0.008573389
20720118;0;0;0;0;0;207;0;0
20719113;0;0;0;0;0;206.5;0;0
20627169;0;0;0;0;0;204.4470588;0;0
20718207;0;0;0;0;0;202.8214286;0;0
20717103;0;0;0;0;0;201.5;0;0
20718115;0;0;0;0;0;199.6315789;1;0
20718102;0;0;0;0;0;198.84;1;0
20718108;0;0;0;0;0;198.3548387;1;0
20732121;0;0;0;0;0;198.3333333;0;0
20719114;0;0;0;0.438627387;0;198;0;0
20627165;0;0;0;0;0;197.7368421;0;0
20720114;0;0;0;0;0;196.3333333;0;0
20708505;180;53;50;0.527364945;0;194.8360656;0;0
20712211;0;0;0;0;0;194;0;5.29E-05
20719115;0;0;0;0;0;192.75;0;0
20732105;0;47;50;0;0;192;0;0
20712318;0;0;0;0;0;191.4;1;0
20719117;0;0;0;0;0;191.2222222;0;0
20712203;0;0;0;0;0;190.8076923;0;0.00650952
20727102;0;0;0;0;0;188.6;0;0
20732118;0;0;0;0;0;186;1;0
20732119;0;0;0;0;0;186;0;0
20713134;0;0;0;0;0;185.4545455;0;0
20717106;0;0;0;0;0;185.44;0;0
20712302;0;0;0;0.218556678;0;184.5;1;0
20712320;0;0;0;0;0.906140803;184.36;1;0
20712202;0;0;0;0;1.331790233;184.1025641;0;0
20712319;0;0;0;0;0;183.6;1;0
20732104;0;0;0;0;0;183.3333333;0;0
20719111;0;0;0;0.000677971;0;183.25;1;0
20719107;0;0;0;0;0;183.1;0;0
20733103;0;0;0;0;0;183;0;0
20733102;0;0;0;0;0;183;0;0
20733101;0;0;0;0.182427195;0.007283947;183;0;0
20711109;34;0;80;0;0;183;0;0
20711110;0;0;0;0;0;183;0;0
20732110;0;45;140;0;0.134243505;183;0;0
20715206;0;0;0;0;0;183;0;0
20713130;0;0;0;0;0;183;0;0
20713131;0;0;0;0;0;183;0;0
20713125;0;0;0;0;0;183;0;0
20714102;0;0;0;0;0;183;0;0
20714117;0;0;0;0;0.062245638;183;0;0
20714115;0;0;0;0;0.229823942;183;0;0
20714107;0;0;0;0;0.098542472;183;0;0
20714105;0;0;0;0;0.158900632;183;0;0
20713132;0;0;0;0;0;183;0;0
20713118;0;21;40;0;0.526882382;183;0;0
20714111;0;0;0;0;0;183;0;0
20714116;0;0;0;0;0.120378743;183;0;0
20714108;0;0;0;0.112021179;0;183;0;0
20713123;0;0;0;0;0;183;0;0
20733209;0;0;0;0;0;183;0;0
20733206;0;0;0;0;0.328002754;183;0;0
20733208;0;20;50;0;0;183;0;0
20733207;0;56;90;0;0.071453632;183;0;0
20733210;0;0;0;0;0;183;0;0
20733204;0;0;0;0;0.327599661;183;0;0
20733205;0;0;0;0;0.320878325;183;0;0
20733213;68;10;30;0;0;183;0;0
20733211;0;0;0;0;0;183;0;0
20733212;0;40;120;0;0;183;0;0
20733202;0;0;0;0;0.37499254;183;0;0
20711107;0;0;0;0.00421532;0;183;0;0
20711113;0;0;0;0;0;183;0;0
20733203;0;0;0;0;0.200192976;183;0;0
20733201;0;33;90;0.402752506;0;183;0;0
20711106;0;0;0;0;0;183;0;0
20712101;0;0;0;0.141497881;0;183;0;0
20712102;0;0;0;0;0;183;0;0
20712109;0;39;120;0.141031927;0;183;0;0
20712103;0;0;0;0.174534139;0;183;0;0
20712104;0;0;0;0.122051539;0;183;0;0
20713120;0;0;0;0;0;183;0;0
20713136;0;52;50;0;0.101364667;183;0;0
20713122;0;0;0;0;0.523716884;183;0;0
20712210;0;0;0;0;0;183;0;0
20732116;0;0;0;0;0;183;1;0
20715209;0;0;0;0;0;183;0;0
20715210;0;0;0;0;0;183;0;0
20715204;0;0;0;0;0;183;0;0
20715211;0;0;0;0;0;183;0;0
20715208;0;0;0;0;0;183;0;0
20715203;0;0;0;0;0;183;0;0
20715202;0;0;0;0;0;183;0;0
20715201;0;0;0;0;0;183;0;0
20715305;0;0;0;0;0;183;0;0
20715306;0;0;0;0;0;183;0;0
20715303;0;0;0;0;0;183;0;0
20715302;0;0;0;0;0;183;0;0
20715301;0;0;0;0;0;183;0;0
20715102;0;0;0;0;0;183;0;0
20715103;0;0;0;0;0.040310853;183;0;0
20715212;0;0;0;0;0;183;0;0
20724103;0;0;0;0;0;183;0;0
20715101;0;0;0;0;0;183;0;0
20724102;0;0;0;0;0;183;0;0
20724101;0;0;0;0;0;183;0;0
20724104;0;0;0;0;0;183;0;0
20712321;0;0;0;0;0.074156481;183;1;0
20716101;0;0;0;0;0;183;0;0
20716113;0;0;0;0;0;183;0;0
20716110;0;0;0;0;0;183;0;0
20732113;0;0;0;0;0;183;0;0
20716117;0;0;0;0;0;183;0;0
20716134;0;51;290;0;0;183;0;0
20716126;0;0;0;0;0;183;0;0
20716102;0;0;0;0;0;183;0;0
20716103;0;0;0;0;0;183;0;0
20716104;0;0;0;0;0;183;0;0
20716109;0;0;0;0;0;183;0;0
20716114;0;0;0;0;0;183;0;0
20716112;0;0;0;0;0;183;0;0
20716125;0;0;0;0;0;183;0;0
20716124;0;0;0;0;0;183;0;0
20716133;0;0;0;0;0;183;0;0
20716108;0;0;0;0;0;183;0;0
20716128;0;0;0;0;0;183;0;0
20716122;0;0;0;0;0;183;0;0
20716131;0;0;0;0;0;183;0;0
20716120;0;0;0;0;0;183;0;0
20716132;0;0;0;0;0;183;0;0
20717105;0;0;0;0;0;183;0;0
20717102;0;0;0;0;0;183;0;0
20717107;0;0;0;0;0;183;0;0
20732122;0;0;0;0;0.406098775;183;0;0
20732114;0;46;40;0;0.622089967;183;0;0
20719112;0;0;0;0.156110322;0;183;0;0
20719118;0;0;0;0;0;183;0;0
20719116;0;0;0;0;0;183;0;0
20719120;0;0;0;0;0;183;0;0
20713135;0;20;20;0;0.393377793;183;0;0
20727101;0;0;0;0;0;183;0;0
20726116;0;0;0;0;0;183;0;0
20726115;0;0;0;0;0;183;0;0
20726114;0;0;0;0;0;183;0;0
20726117;0;0;0;0;0;183;0;0
20726118;0;0;0;0.028556394;0.00544911;183;0;0
20727108;0;0;0;0.306457537;0.010822925;183;0;0
20727110;0;0;0;0;0;183;0;0
20726108;0;0;0;0;0;183;0;0
20726106;0;32;30;0;0;183;0;0
20726109;0;0;0;0;0;183;0;0
20726107;0;0;0;0;0;183;0;0
20726110;0;0;0;0;0;183;0;0
20726104;0;0;0;0;0;183;0;0
20726105;0;0;0;0;0;183;0;0
20726122;0;0;0;0;0;183;0;0
20726113;0;0;0;0;0.243381561;183;0;0
20726123;0;0;0;0.054365546;0;183;0;0
20726121;0;0;0;0.026706853;0;183;0;0
20726112;0;0;0;0.135458026;0;183;0;0
20726111;0;0;0;0;0;183;0;0
20727107;0;0;0;1.089643623;0.016065696;183;0;0
20716136;0;0;0;0.006011658;0;183;0;0
20712315;0;0;0;0.220427643;0.480190051;183;0;0
20729108;0;0;0;0;0;183;0;0
20727111;0;0;0;0;0.231489741;183;0;0
20727109;0;0;0;0;0;183;0;0
20727106;0;0;0;0;0.112401085;183;0;0
20727112;0;10;20;0;0;183;0;0
20727105;0;0;0;0;0;183;0;0
20727104;0;0;0;0;0;183;0;0
20727103;0;0;0;0;0;183;0;0
20729106;0;0;0;0;0;183;0;0
20729103;0;0;0;0;0;183;0;0
20730103;0;45;40;0;0.081178502;183;0;0
20729107;0;0;0;0;0;183;0;0
20729102;0;8;160;0;0;183;0;0
20729101;0;0;0;0;0;183;0;0
20729110;0;0;0;0;0;183;1;0
20730106;0;0;0;0;0.082765808;183;0;0
20729109;0;0;0;0;0.089708887;183;0;0
20728101;0;0;0;0;0;183;1;0
20728102;0;9;50;0;0;183;1;0
20728103;0;0;0;0;0;183;0;0
20728104;0;0;0;0;0;183;0;0
20730107;0;0;0;0;0;183;0;0
20730102;63;0;30;0;0;183;0;0
20730109;0;0;0;0;0;183;0;0
20730101;0;7;10;0;0;183;0;0
20729105;0;0;0;0;0;183;0;0
20729104;0;0;0;0;0;183;0;0
20730108;0;0;0;0;0;183;0;0
20730104;0;0;0;0;0.088140877;183;0;0
20730105;0;0;0;0;0.14352252;183;0;0
20710115;0;0;0;0;0;182.6666667;0;0
20710122;0;0;0;0;0;181.6666667;0;0
20710121;0;0;0;0.005879371;0;179.3333333;0;0
20710123;0;0;0;0;0;171;0;0
20710116;0;0;0;0;0;168;0;0
20710117;0;0;0;0;0;168;0;0
20708605;0;0;0;0;1.148847727;167.3962264;0;0
20710101;0;0;0;0.25409259;0.51578673;152.2830189;0;0
20926101;0;0;0;32.00708922;0;144.5247525;0;0.020749631
20710111;0;0;0;0;0;143.6666667;0;0
20710102;0;0;0;0;0;143;0;0
20709207;0;0;0;0;0;139.25;0;0
20627167;0;0;0;0;0;139;0;0
20627166;0;0;0;0;0;136.75;0;0
20709208;0;0;0;0;0;135.7857143;0;0
20710110;0;0;0;0;0;135.6666667;0;0
20627170;0;0;0;0;0;129.2894737;0;0
20709111;0;0;0;0;0;128.55;0;0
20709206;0;0;0;0;0;128;0;0
20709203;0;0;0;0;0;124.7272727;0;0
20709109;0;0;0;0.071322022;0;124.6666667;0;0
20709110;0;8;70;0;0;123.6;0;0
20710108;0;0;0;0;0;123;0;0
20710109;0;0;0;0;0;122.8;0;0
20709112;0;0;0;0;0;122;0;0
20709204;0;45;140;0;0;122;0;0
20709205;0;0;0;0;0;122;0;0
20709202;0;0;0;0;0;122;0;0
20709201;0;0;0;0;0;122;0;0
20709209;0;0;0;0;0;122;0;0
20709108;0;0;0;0;0;122;0;0
20709107;0;0;0;0;0;122;0;0
20709106;0;0;0;0;0;122;0;0
20709105;0;0;0;0;0;122;0;0
20709104;0;0;0;0;0;122;0;0
20709103;0;0;0;0;0;122;0;0
20709113;0;0;0;0;0;122;0;0
20709102;0;0;0;0;0;122;0;0
20709101;0;0;0;0;0;122;0;0
20710103;0;0;0;0;0;122;0;0
20710104;0;0;0;0;0;122;0;0
20710105;0;0;0;0;0;122;0;0
20710106;0;0;0;0;0;122;0;0
20710107;0;0;0;0;0;122;0;0
20627168;0;0;0;0;0;122;0;0